{
  "experiment": "d32_l4_hier_20260107_074555",
  "model_path": "../results/checkpoints/general/d32_l4_hier_20260107_074555/best.pt",
  "data_path": "/home/hd/hd_hd/hd_vm305/Thesis/data/test/distinct_test.h5",
  "data_size": 300000,
  "class_distribution": {
    "Flat": 100000,
    "PSPL": 100000,
    "Binary": 100000
  },
  "normalization": {
    "flux_mean": 1.2299333810806274,
    "flux_std": 0.9222435355186462,
    "delta_t_mean": 0.010974787175655365,
    "delta_t_std": 0.0024516808334738016
  },
  "metrics": {
    "accuracy": 0.78163,
    "accuracy_ci_lower": 0.7802125833333333,
    "accuracy_ci_upper": 0.7831735000000001,
    "precision_macro": 0.8484450733882797,
    "recall_macro": 0.7816299999999999,
    "f1_macro": 0.7595333173728752,
    "precision_weighted": 0.8484450733882797,
    "recall_weighted": 0.78163,
    "f1_weighted": 0.7595333173728752,
    "precision_Flat": 1.0,
    "recall_Flat": 1.0,
    "f1_Flat": 1.0,
    "precision_PSPL": 0.9379778020470881,
    "recall_PSPL": 0.36931,
    "f1_PSPL": 0.5299591743020527,
    "precision_Binary": 0.607357418117751,
    "recall_Binary": 0.97558,
    "f1_Binary": 0.7486407778165731,
    "roc_auc_macro": 0.9216280708583334,
    "roc_auc_weighted": 0.9216280708583334,
    "roc_auc_Flat": 1.0,
    "roc_auc_PSPL": 0.862683622525,
    "roc_auc_Binary": 0.90220059005,
    "confusion_matrix": [
      [
        100000,
        0,
        0
      ],
      [
        0,
        36931,
        63069
      ],
      [
        0,
        2442,
        97558
      ]
    ],
    "confusion_matrix_normalized": [
      [
        0.9999999999999001,
        0.0,
        0.0
      ],
      [
        0.0,
        0.36930999999996306,
        0.6306899999999369
      ],
      [
        0.0,
        0.024419999999997558,
        0.9755799999999025
      ]
    ]
  },
  "config": {
    "d_model": 32,
    "n_layers": 4,
    "dropout": 0.3,
    "window_size": 5,
    "max_seq_len": 7000,
    "n_classes": 3,
    "hierarchical": true,
    "use_aux_head": true,
    "stage2_temperature": 2.0,
    "use_residual": true,
    "use_layer_norm": true,
    "feature_extraction": "conv",
    "use_attention_pooling": true,
    "use_amp": false,
    "use_gradient_checkpointing": false,
    "use_flash_attention": true,
    "num_attention_heads": 2,
    "gru_dropout": 0.1,
    "bn_momentum": 0.2,
    "init_scale": 1.0
  },
  "parameters": {
    "batch_size": 128,
    "calibration_n_bins": 10,
    "roc_bootstrap_ci": true,
    "seed": 42
  },
  "has_aux_head": true,
  "timestamp": "2026-01-07T08:26:13.994158",
  "version": "4.1.1"
}