{
  "metrics": {
    "accuracy": 0.7733333333333333,
    "n_classes": 3,
    "flat_precision": 0.9615384615384616,
    "flat_recall": 1.0,
    "flat_f1": 0.9803921568627451,
    "pspl_precision": 0.6153846153846154,
    "pspl_recall": 0.96,
    "pspl_f1": 0.75,
    "binary_precision": 0.9,
    "binary_recall": 0.36,
    "binary_f1": 0.5142857142857142
  },
  "classification_report": {
    "Flat": {
      "precision": 0.9615384615384616,
      "recall": 1.0,
      "f1-score": 0.9803921568627451,
      "support": 100.0
    },
    "PSPL": {
      "precision": 0.6153846153846154,
      "recall": 0.96,
      "f1-score": 0.75,
      "support": 100.0
    },
    "Binary": {
      "precision": 0.9,
      "recall": 0.36,
      "f1-score": 0.5142857142857142,
      "support": 100.0
    },
    "accuracy": 0.7733333333333333,
    "macro avg": {
      "precision": 0.8256410256410257,
      "recall": 0.7733333333333333,
      "f1-score": 0.7482259570494865,
      "support": 300.0
    },
    "weighted avg": {
      "precision": 0.8256410256410257,
      "recall": 0.7733333333333333,
      "f1-score": 0.7482259570494864,
      "support": 300.0
    }
  },
  "confusion_matrix": [
    [
      100,
      0,
      0
    ],
    [
      0,
      96,
      4
    ],
    [
      4,
      60,
      36
    ]
  ],
  "n_classes": 3,
  "n_samples": 300,
  "high_confidence_80": 100,
  "high_confidence_90": 100,
  "has_u0_analysis": true,
  "version": "15.0"
}