{
  "experiment": "d64_l6_hier_20251219_080541",
  "model_path": "../results/checkpoints/d64_l6_hier_20251219_080541/best.pt",
  "data_path": "/home/hd/hd_hd/hd_vm305/Thesis/data/test/test.h5",
  "data_size": 150000,
  "class_distribution": {
    "Flat": 50000,
    "PSPL": 50000,
    "Binary": 50000
  },
  "normalization": {
    "flux_mean": 1.2689152956008911,
    "flux_std": 1.184967279434204,
    "delta_t_mean": 0.08783417195081711,
    "delta_t_std": 0.019617663696408272
  },
  "metrics": {
    "accuracy": 0.9999733333333334,
    "accuracy_ci_lower": 0.99994,
    "accuracy_ci_upper": 0.9999933333333333,
    "precision_macro": 0.999973335466496,
    "recall_macro": 0.9999733333333333,
    "f1_macro": 0.9999733333332906,
    "precision_weighted": 0.999973335466496,
    "recall_weighted": 0.9999733333333334,
    "f1_weighted": 0.9999733333332906,
    "precision_Flat": 1.0,
    "recall_Flat": 1.0,
    "f1_Flat": 1.0,
    "precision_PSPL": 0.9999200063994881,
    "recall_PSPL": 1.0,
    "f1_PSPL": 0.999960001599936,
    "precision_Binary": 1.0,
    "recall_Binary": 0.99992,
    "f1_Binary": 0.999959998399936,
    "roc_auc_macro": 0.9999800011,
    "roc_auc_weighted": 0.9999800011000001,
    "roc_auc_Flat": 0.9999999999999999,
    "roc_auc_PSPL": 0.9999715329000001,
    "roc_auc_Binary": 0.9999684704,
    "confusion_matrix": [
      [
        50000,
        0,
        0
      ],
      [
        0,
        50000,
        0
      ],
      [
        0,
        4,
        49996
      ]
    ],
    "confusion_matrix_normalized": [
      [
        0.9999999999998,
        0.0,
        0.0
      ],
      [
        0.0,
        0.9999999999998,
        0.0
      ],
      [
        0.0,
        7.9999999999984e-05,
        0.9999199999998001
      ]
    ]
  },
  "config": {
    "d_model": 64,
    "n_layers": 6,
    "dropout": 0.3,
    "window_size": 7,
    "max_seq_len": 2400,
    "n_classes": 3,
    "hierarchical": true,
    "use_aux_head": true,
    "stage2_temperature": 1.0,
    "use_residual": true,
    "use_layer_norm": true,
    "feature_extraction": "conv",
    "use_attention_pooling": true,
    "use_amp": false,
    "use_gradient_checkpointing": false,
    "use_flash_attention": true,
    "num_attention_heads": 2,
    "gru_dropout": 0.1,
    "bn_momentum": 0.2,
    "init_scale": 1.0
  },
  "parameters": {
    "batch_size": 512,
    "calibration_n_bins": 10,
    "roc_bootstrap_ci": true,
    "seed": 42
  },
  "has_aux_head": true,
  "timestamp": "2025-12-19T08:24:10.086554",
  "version": "3.0.2"
}