{
  "experiment": "d32_l4_hier_20260102_024749",
  "model_path": "../results/checkpoints/distinct/d32_l4_hier_20260102_024749/best.pt",
  "data_path": "../data/test/distinct_test.h5",
  "data_size": 150000,
  "class_distribution": {
    "Flat": 50000,
    "PSPL": 50000,
    "Binary": 50000
  },
  "normalization": {
    "flux_mean": 1.2447675466537476,
    "flux_std": 1.12814462184906,
    "delta_t_mean": 0.010969669558107853,
    "delta_t_std": 0.002451773965731263
  },
  "metrics": {
    "accuracy": 0.9998933333333333,
    "accuracy_ci_lower": 0.99984,
    "accuracy_ci_upper": 0.99994,
    "precision_macro": 0.9998933674557474,
    "recall_macro": 0.9998933333333334,
    "f1_macro": 0.9998933333306027,
    "precision_weighted": 0.9998933674557476,
    "recall_weighted": 0.9998933333333333,
    "f1_weighted": 0.9998933333306026,
    "precision_Flat": 1.0,
    "recall_Flat": 1.0,
    "f1_Flat": 1.0,
    "precision_PSPL": 0.9996801023672425,
    "recall_PSPL": 1.0,
    "f1_PSPL": 0.9998400255959047,
    "precision_Binary": 1.0,
    "recall_Binary": 0.99968,
    "f1_Binary": 0.9998399743959033,
    "roc_auc_macro": 0.9999925366666668,
    "roc_auc_weighted": 0.9999925366666667,
    "roc_auc_Flat": 1.0,
    "roc_auc_PSPL": 0.9999783674,
    "roc_auc_Binary": 0.9999992426000001,
    "confusion_matrix": [
      [
        50000,
        0,
        0
      ],
      [
        0,
        50000,
        0
      ],
      [
        0,
        16,
        49984
      ]
    ],
    "confusion_matrix_normalized": [
      [
        0.9999999999998,
        0.0,
        0.0
      ],
      [
        0.0,
        0.9999999999998,
        0.0
      ],
      [
        0.0,
        0.000319999999999936,
        0.9996799999998002
      ]
    ]
  },
  "config": {
    "d_model": 32,
    "n_layers": 4,
    "dropout": 0.3,
    "window_size": 5,
    "max_seq_len": 7000,
    "n_classes": 3,
    "hierarchical": true,
    "use_aux_head": true,
    "stage2_temperature": 1.0,
    "use_residual": true,
    "use_layer_norm": true,
    "feature_extraction": "conv",
    "use_attention_pooling": true,
    "use_amp": false,
    "use_gradient_checkpointing": false,
    "use_flash_attention": true,
    "num_attention_heads": 2,
    "gru_dropout": 0.1,
    "bn_momentum": 0.2,
    "init_scale": 1.0
  },
  "parameters": {
    "batch_size": 128,
    "calibration_n_bins": 10,
    "roc_bootstrap_ci": true,
    "seed": 42
  },
  "has_aux_head": true,
  "timestamp": "2026-01-02T05:09:01.390025",
  "version": "4.1.0"
}