{
  "test_acc": 0.8,
  "test_loss": 0.4718588590621948,
  "best_val_acc": 0.7555555555555555,
  "total_epochs": 10,
  "version": "15.1"
}