{
  "metrics": {
    "accuracy": 0.7868786878687869,
    "n_classes": 3,
    "auroc_macro": 0.9032475779831208,
    "auroc_weighted": 0.9032475779831208,
    "flat_precision": 1.0,
    "flat_recall": 1.0,
    "flat_f1": 1.0,
    "pspl_precision": 0.7615317667536988,
    "pspl_recall": 0.525052505250525,
    "pspl_f1": 0.6215592257147932,
    "binary_precision": 0.637591575091575,
    "binary_recall": 0.8355835583558355,
    "binary_f1": 0.7232826905596675
  },
  "classification_report": {
    "Flat": {
      "precision": 1.0,
      "recall": 1.0,
      "f1-score": 1.0,
      "support": 3333.0
    },
    "PSPL": {
      "precision": 0.7615317667536988,
      "recall": 0.525052505250525,
      "f1-score": 0.6215592257147932,
      "support": 3333.0
    },
    "Binary": {
      "precision": 0.637591575091575,
      "recall": 0.8355835583558355,
      "f1-score": 0.7232826905596675,
      "support": 3333.0
    },
    "accuracy": 0.7868786878687869,
    "macro avg": {
      "precision": 0.7997077806150914,
      "recall": 0.7868786878687869,
      "f1-score": 0.7816139720914869,
      "support": 9999.0
    },
    "weighted avg": {
      "precision": 0.7997077806150913,
      "recall": 0.7868786878687869,
      "f1-score": 0.7816139720914868,
      "support": 9999.0
    }
  },
  "confusion_matrix": [
    [
      3333,
      0,
      0
    ],
    [
      0,
      1750,
      1583
    ],
    [
      0,
      548,
      2785
    ]
  ],
  "n_classes": 3,
  "n_points": 1000,
  "n_samples": 9999,
  "high_confidence_80": 4397,
  "high_confidence_90": 3909,
  "has_u0_analysis": false,
  "version": "2.0.0"
}