{
  "experiment": "d32_l4_hier_20260102_013239",
  "model_path": "../results/checkpoints/baseline/d32_l4_hier_20260102_013239/best.pt",
  "data_path": "../data/test/baseline_test.h5",
  "data_size": 150000,
  "class_distribution": {
    "Flat": 50000,
    "PSPL": 50000,
    "Binary": 50000
  },
  "normalization": {
    "flux_mean": 1.1727330684661865,
    "flux_std": 0.8036859035491943,
    "delta_t_mean": 0.010969636030495167,
    "delta_t_std": 0.002451656386256218
  },
  "metrics": {
    "accuracy": 0.8058666666666666,
    "accuracy_ci_lower": 0.8037920000000001,
    "accuracy_ci_upper": 0.8077813333333334,
    "precision_macro": 0.8601735266316508,
    "recall_macro": 0.8058666666666666,
    "f1_macro": 0.791218243316861,
    "precision_weighted": 0.8601735266316507,
    "recall_weighted": 0.8058666666666666,
    "f1_weighted": 0.7912182433168611,
    "precision_Flat": 1.0,
    "recall_Flat": 1.0,
    "f1_Flat": 1.0,
    "precision_PSPL": 0.6364919987449011,
    "recall_PSPL": 0.97368,
    "f1_PSPL": 0.7697805325406363,
    "precision_Binary": 0.9440285811500511,
    "recall_Binary": 0.44392,
    "f1_Binary": 0.6038741974099466,
    "roc_auc_macro": 0.9224099659,
    "roc_auc_weighted": 0.9224099658999999,
    "roc_auc_Flat": 1.0,
    "roc_auc_PSPL": 0.8835987915,
    "roc_auc_Binary": 0.8836311062000001,
    "confusion_matrix": [
      [
        50000,
        0,
        0
      ],
      [
        0,
        48684,
        1316
      ],
      [
        0,
        27804,
        22196
      ]
    ],
    "confusion_matrix_normalized": [
      [
        0.9999999999998,
        0.0,
        0.0
      ],
      [
        0.0,
        0.9736799999998054,
        0.026319999999994736
      ],
      [
        0.0,
        0.5560799999998888,
        0.4439199999999112
      ]
    ]
  },
  "config": {
    "d_model": 32,
    "n_layers": 4,
    "dropout": 0.3,
    "window_size": 5,
    "max_seq_len": 7000,
    "n_classes": 3,
    "hierarchical": true,
    "use_aux_head": true,
    "stage2_temperature": 1.0,
    "use_residual": true,
    "use_layer_norm": true,
    "feature_extraction": "conv",
    "use_attention_pooling": true,
    "use_amp": false,
    "use_gradient_checkpointing": false,
    "use_flash_attention": true,
    "num_attention_heads": 2,
    "gru_dropout": 0.1,
    "bn_momentum": 0.2,
    "init_scale": 1.0
  },
  "parameters": {
    "batch_size": 128,
    "calibration_n_bins": 10,
    "roc_bootstrap_ci": true,
    "seed": 42
  },
  "has_aux_head": true,
  "timestamp": "2026-01-02T05:03:09.632604",
  "version": "4.1.0"
}