{
  "metrics": {
    "accuracy": 0.9957,
    "precision": 0.9973911298414609,
    "recall": 0.994,
    "f1": 0.9956926775518381,
    "roc_auc": 0.9998596000000001,
    "tp": 4970,
    "tn": 4987,
    "fp": 13,
    "fn": 30
  },
  "n_samples": 10000,
  "high_confidence_90": 9870,
  "high_confidence_95": 9817,
  "has_u0_analysis": true
}