{
  "experiment": "d32_l4_hier_20260102_073733",
  "model_path": "../results/checkpoints/distinct/d32_l4_hier_20260102_073733/best.pt",
  "data_path": "/home/hd/hd_hd/hd_vm305/Thesis/data/test/baseline_test.h5",
  "data_size": 150000,
  "class_distribution": {
    "Flat": 50000,
    "PSPL": 50000,
    "Binary": 50000
  },
  "normalization": {
    "flux_mean": 1.2447675466537476,
    "flux_std": 1.12814462184906,
    "delta_t_mean": 0.010969669558107853,
    "delta_t_std": 0.002451773965731263
  },
  "metrics": {
    "accuracy": 0.7215533333333334,
    "accuracy_ci_lower": 0.7191529999999999,
    "accuracy_ci_upper": 0.7238403333333334,
    "precision_macro": 0.8482860578058199,
    "recall_macro": 0.7215533333333334,
    "f1_macro": 0.6627144699893834,
    "precision_weighted": 0.8482860578058198,
    "recall_weighted": 0.7215533333333334,
    "f1_weighted": 0.6627144699893835,
    "precision_Flat": 1.0,
    "recall_Flat": 1.0,
    "f1_Flat": 1.0,
    "precision_PSPL": 0.5448581734174595,
    "recall_PSPL": 1.0,
    "f1_PSPL": 0.7053827759633765,
    "precision_Binary": 1.0,
    "recall_Binary": 0.16466,
    "f1_Binary": 0.2827606340047739,
    "roc_auc_macro": 0.7235205342666666,
    "roc_auc_weighted": 0.7235205342666666,
    "roc_auc_Flat": 0.9999999999999999,
    "roc_auc_PSPL": 0.7933133681,
    "roc_auc_Binary": 0.3772482347,
    "confusion_matrix": [
      [
        50000,
        0,
        0
      ],
      [
        0,
        50000,
        0
      ],
      [
        0,
        41767,
        8233
      ]
    ],
    "confusion_matrix_normalized": [
      [
        0.9999999999998,
        0.0,
        0.0
      ],
      [
        0.0,
        0.9999999999998,
        0.0
      ],
      [
        0.0,
        0.835339999999833,
        0.16465999999996708
      ]
    ]
  },
  "config": {
    "d_model": 32,
    "n_layers": 4,
    "dropout": 0.3,
    "window_size": 5,
    "max_seq_len": 7000,
    "n_classes": 3,
    "hierarchical": true,
    "use_aux_head": true,
    "stage2_temperature": 1.0,
    "use_residual": true,
    "use_layer_norm": true,
    "feature_extraction": "conv",
    "use_attention_pooling": true,
    "use_amp": false,
    "use_gradient_checkpointing": false,
    "use_flash_attention": true,
    "num_attention_heads": 2,
    "gru_dropout": 0.1,
    "bn_momentum": 0.2,
    "init_scale": 1.0
  },
  "parameters": {
    "batch_size": 128,
    "calibration_n_bins": 10,
    "roc_bootstrap_ci": true,
    "seed": 42
  },
  "has_aux_head": true,
  "timestamp": "2026-01-02T09:04:50.627239",
  "version": "4.1.0"
}