{
  "experiment": "d128_l6_hier_20251218_211654",
  "model_path": "../results/checkpoints/d128_l6_hier_20251218_211654/checkpoints/checkpoint_latest.pt",
  "data_path": "/home/hd/hd_hd/hd_vm305/Thesis/data/test/test.h5",
  "data_size": 150000,
  "class_distribution": {
    "Flat": 50000,
    "PSPL": 50000,
    "Binary": 50000
  },
  "normalization": {
    "flux_mean": 1.2002516984939575,
    "flux_std": 0.8787344694137573,
    "delta_t_mean": 0.08769895136356354,
    "delta_t_std": 0.019617488607764244
  },
  "metrics": {
    "accuracy": 0.8705866666666666,
    "accuracy_ci_lower": 0.8688598333333333,
    "accuracy_ci_upper": 0.8722668333333333,
    "precision_macro": 0.8706273312017819,
    "recall_macro": 0.8705866666666667,
    "f1_macro": 0.8705802159187167,
    "precision_weighted": 0.870627331201782,
    "recall_weighted": 0.8705866666666666,
    "f1_weighted": 0.8705802159187168,
    "precision_Flat": 1.0,
    "recall_Flat": 1.0,
    "f1_Flat": 1.0,
    "precision_PSPL": 0.8102608836775267,
    "recall_PSPL": 0.79882,
    "f1_PSPL": 0.8044997683646544,
    "precision_Binary": 0.8016211099278192,
    "recall_Binary": 0.81294,
    "f1_Binary": 0.807240879391496,
    "roc_auc_macro": 0.9666011052333333,
    "roc_auc_weighted": 0.9666011052333333,
    "roc_auc_Flat": 1.0,
    "roc_auc_PSPL": 0.9499016742999999,
    "roc_auc_Binary": 0.9499016413999999,
    "confusion_matrix": [
      [
        50000,
        0,
        0
      ],
      [
        0,
        39941,
        10059
      ],
      [
        0,
        9353,
        40647
      ]
    ],
    "confusion_matrix_normalized": [
      [
        0.9999999999998,
        0.0,
        0.0
      ],
      [
        0.0,
        0.7988199999998403,
        0.20117999999995978
      ],
      [
        0.0,
        0.1870599999999626,
        0.8129399999998375
      ]
    ]
  },
  "config": {
    "d_model": 128,
    "n_layers": 6,
    "dropout": 0.3,
    "window_size": 7,
    "max_seq_len": 2400,
    "n_classes": 3,
    "hierarchical": true,
    "use_aux_head": true,
    "stage2_temperature": 1.0,
    "use_residual": true,
    "use_layer_norm": true,
    "feature_extraction": "conv",
    "use_attention_pooling": true,
    "use_amp": false,
    "use_gradient_checkpointing": false,
    "use_flash_attention": true,
    "num_attention_heads": 2,
    "gru_dropout": 0.1,
    "bn_momentum": 0.2,
    "init_scale": 1.0
  },
  "parameters": {
    "batch_size": 512,
    "calibration_n_bins": 10,
    "roc_bootstrap_ci": true,
    "seed": 42
  },
  "has_aux_head": true,
  "timestamp": "2025-12-18T21:36:59.694414",
  "version": "3.0.2"
}