{
  "experiment": "d64_l4_hier_20260103_213025",
  "model_path": "../results/checkpoints/baseline/d64_l4_hier_20260103_213025/best.pt",
  "data_path": "/home/hd/hd_hd/hd_vm305/Thesis/data/test/distinct_test.h5",
  "data_size": 300000,
  "class_distribution": {
    "Flat": 100000,
    "PSPL": 100000,
    "Binary": 100000
  },
  "normalization": {
    "flux_mean": 1.2110310792922974,
    "flux_std": 0.8781295418739319,
    "delta_t_mean": 0.010976945050060749,
    "delta_t_std": 0.002451772801578045
  },
  "metrics": {
    "accuracy": 0.92367,
    "accuracy_ci_lower": 0.9227029166666667,
    "accuracy_ci_upper": 0.9245401666666667,
    "precision_macro": 0.926136075124755,
    "recall_macro": 0.92367,
    "f1_macro": 0.9234882022281964,
    "precision_weighted": 0.9261360751247552,
    "recall_weighted": 0.92367,
    "f1_weighted": 0.9234882022281965,
    "precision_Flat": 1.0,
    "recall_Flat": 1.0,
    "f1_Flat": 1.0,
    "precision_PSPL": 0.8512606037412641,
    "recall_PSPL": 0.93425,
    "f1_PSPL": 0.8908266547158746,
    "precision_Binary": 0.9271476216330014,
    "recall_Binary": 0.83676,
    "f1_Binary": 0.879637951968715,
    "roc_auc_macro": 0.9866115851833334,
    "roc_auc_weighted": 0.9866115851833334,
    "roc_auc_Flat": 1.0,
    "roc_auc_PSPL": 0.97992035235,
    "roc_auc_Binary": 0.9799144032,
    "confusion_matrix": [
      [
        100000,
        0,
        0
      ],
      [
        0,
        93425,
        6575
      ],
      [
        0,
        16324,
        83676
      ]
    ],
    "confusion_matrix_normalized": [
      [
        0.9999999999999001,
        0.0,
        0.0
      ],
      [
        0.0,
        0.9342499999999067,
        0.06574999999999342
      ],
      [
        0.0,
        0.16323999999998368,
        0.8367599999999163
      ]
    ]
  },
  "config": {
    "d_model": 64,
    "n_layers": 4,
    "dropout": 0.3,
    "window_size": 5,
    "n_classes": 3,
    "hierarchical": true,
    "use_aux_head": true,
    "stage2_temperature": 1.0,
    "use_residual": true,
    "use_layer_norm": true,
    "use_attention_pooling": true,
    "use_flash_attention": true,
    "num_attention_heads": 8,
    "lstm_dropout": 0.15,
    "locked_dropout": 0.15,
    "num_groups": 8,
    "use_gradient_checkpointing": false
  },
  "parameters": {
    "batch_size": 128,
    "calibration_n_bins": 10,
    "roc_bootstrap_ci": true,
    "seed": 42
  },
  "has_aux_head": true,
  "timestamp": "2026-01-03T22:48:53.710435",
  "version": "7.1.0"
}