{
  "experiment": "d32_l4_hier_20260102_055211",
  "model_path": "../results/checkpoints/baseline/d32_l4_hier_20260102_055211/best.pt",
  "data_path": "/home/hd/hd_hd/hd_vm305/Thesis/data/test/distinct_test.h5",
  "data_size": 150000,
  "class_distribution": {
    "Flat": 50000,
    "PSPL": 50000,
    "Binary": 50000
  },
  "normalization": {
    "flux_mean": 1.1727330684661865,
    "flux_std": 0.8036859035491943,
    "delta_t_mean": 0.010969636030495167,
    "delta_t_std": 0.002451656386256218
  },
  "metrics": {
    "accuracy": 0.98408,
    "accuracy_ci_lower": 0.9834998333333334,
    "accuracy_ci_upper": 0.98474,
    "precision_macro": 0.9847827183581866,
    "recall_macro": 0.98408,
    "f1_macro": 0.9840712033220346,
    "precision_weighted": 0.9847827183581865,
    "recall_weighted": 0.98408,
    "f1_weighted": 0.9840712033220346,
    "precision_Flat": 1.0,
    "recall_Flat": 1.0,
    "f1_Flat": 1.0,
    "precision_PSPL": 0.999601259181532,
    "recall_PSPL": 0.95262,
    "f1_PSPL": 0.9755453149001536,
    "precision_Binary": 0.9547468958930277,
    "recall_Binary": 0.99962,
    "f1_Binary": 0.9766682950659502,
    "roc_auc_macro": 0.9999106421333334,
    "roc_auc_weighted": 0.9999106421333332,
    "roc_auc_Flat": 1.0,
    "roc_auc_PSPL": 0.999865853,
    "roc_auc_Binary": 0.9998660734,
    "confusion_matrix": [
      [
        50000,
        0,
        0
      ],
      [
        0,
        47631,
        2369
      ],
      [
        0,
        19,
        49981
      ]
    ],
    "confusion_matrix_normalized": [
      [
        0.9999999999998,
        0.0,
        0.0
      ],
      [
        0.0,
        0.9526199999998095,
        0.04737999999999053
      ],
      [
        0.0,
        0.000379999999999924,
        0.9996199999998001
      ]
    ]
  },
  "config": {
    "d_model": 32,
    "n_layers": 4,
    "dropout": 0.3,
    "window_size": 5,
    "max_seq_len": 7000,
    "n_classes": 3,
    "hierarchical": true,
    "use_aux_head": true,
    "stage2_temperature": 1.0,
    "use_residual": true,
    "use_layer_norm": true,
    "feature_extraction": "conv",
    "use_attention_pooling": true,
    "use_amp": false,
    "use_gradient_checkpointing": false,
    "use_flash_attention": true,
    "num_attention_heads": 2,
    "gru_dropout": 0.1,
    "bn_momentum": 0.2,
    "init_scale": 1.0
  },
  "parameters": {
    "batch_size": 128,
    "calibration_n_bins": 10,
    "roc_bootstrap_ci": true,
    "seed": 42
  },
  "has_aux_head": true,
  "timestamp": "2026-01-02T09:04:50.047329",
  "version": "4.1.0"
}