{
  "experiment": "d32_l4_hier_20260102_013239",
  "model_path": "../results/checkpoints/baseline/d32_l4_hier_20260102_013239/best.pt",
  "data_path": "../data/test/distinct_test.h5",
  "data_size": 150000,
  "class_distribution": {
    "Flat": 50000,
    "PSPL": 50000,
    "Binary": 50000
  },
  "normalization": {
    "flux_mean": 1.1727330684661865,
    "flux_std": 0.8036859035491943,
    "delta_t_mean": 0.010969636030495167,
    "delta_t_std": 0.002451656386256218
  },
  "metrics": {
    "accuracy": 0.9912733333333333,
    "accuracy_ci_lower": 0.9907798333333333,
    "accuracy_ci_upper": 0.9917535000000001,
    "precision_macro": 0.9914865400310197,
    "recall_macro": 0.9912733333333333,
    "f1_macro": 0.9912719010863412,
    "precision_weighted": 0.9914865400310197,
    "recall_weighted": 0.9912733333333333,
    "f1_weighted": 0.9912719010863412,
    "precision_Flat": 1.0,
    "recall_Flat": 1.0,
    "f1_Flat": 1.0,
    "precision_PSPL": 0.9997126377799216,
    "recall_PSPL": 0.9741,
    "f1_PSPL": 0.9867401412088859,
    "precision_Binary": 0.9747469823131374,
    "recall_Binary": 0.99972,
    "f1_Binary": 0.9870755620501377,
    "roc_auc_macro": 0.9999860671333334,
    "roc_auc_weighted": 0.9999860671333333,
    "roc_auc_Flat": 1.0,
    "roc_auc_PSPL": 0.9999787414,
    "roc_auc_Binary": 0.9999794599999999,
    "confusion_matrix": [
      [
        50000,
        0,
        0
      ],
      [
        0,
        48705,
        1295
      ],
      [
        0,
        14,
        49986
      ]
    ],
    "confusion_matrix_normalized": [
      [
        0.9999999999998,
        0.0,
        0.0
      ],
      [
        0.0,
        0.9740999999998052,
        0.025899999999994823
      ],
      [
        0.0,
        0.00027999999999994403,
        0.9997199999998001
      ]
    ]
  },
  "config": {
    "d_model": 32,
    "n_layers": 4,
    "dropout": 0.3,
    "window_size": 5,
    "max_seq_len": 7000,
    "n_classes": 3,
    "hierarchical": true,
    "use_aux_head": true,
    "stage2_temperature": 1.0,
    "use_residual": true,
    "use_layer_norm": true,
    "feature_extraction": "conv",
    "use_attention_pooling": true,
    "use_amp": false,
    "use_gradient_checkpointing": false,
    "use_flash_attention": true,
    "num_attention_heads": 2,
    "gru_dropout": 0.1,
    "bn_momentum": 0.2,
    "init_scale": 1.0
  },
  "parameters": {
    "batch_size": 128,
    "calibration_n_bins": 10,
    "roc_bootstrap_ci": true,
    "seed": 42
  },
  "has_aux_head": true,
  "timestamp": "2026-01-02T05:03:07.793223",
  "version": "4.1.0"
}