{
  "metrics": {
    "accuracy": 0.9972,
    "precision": 0.9962075848303393,
    "recall": 0.9982,
    "f1": 0.9972027972027973,
    "roc_auc": 0.9998564400000001,
    "tp": 4991,
    "tn": 4981,
    "fp": 19,
    "fn": 9
  },
  "n_samples": 10000,
  "high_confidence_90": 9893,
  "high_confidence_95": 9855,
  "has_u0_analysis": true
}