{
  "accuracy": 0.969,
  "precision_macro": 0.9710268670309654,
  "recall_macro": 0.9673157141505778,
  "f1_macro": 0.9681100090431362,
  "precision_Flat": 0.9234972677595629,
  "recall_Flat": 1.0,
  "f1_Flat": 0.9602272727272727,
  "precision_PSPL": 0.9895833333333334,
  "recall_PSPL": 0.9105431309904153,
  "f1_PSPL": 0.9484193011647255,
  "precision_Binary": 1.0,
  "recall_Binary": 0.9914040114613181,
  "f1_Binary": 0.99568345323741,
  "auc_macro": 0.9848533896092998,
  "auc_Flat": 0.9878662471620873,
  "auc_PSPL": 0.9667071259492818,
  "auc_Binary": 0.9999867957165304
}