{
  "metrics": {
    "accuracy": 0.9927,
    "precision": 0.9929957974784871,
    "recall": 0.9924,
    "f1": 0.9926978093428028,
    "roc_auc": 0.9998028000000001,
    "tp": 4962,
    "tn": 4965,
    "fp": 35,
    "fn": 38
  },
  "n_samples": 10000,
  "high_confidence_90": 9816,
  "high_confidence_95": 9742,
  "has_u0_analysis": true
}