{
  "experiment": "d32_l4_hier_20260107_074555",
  "model_path": "../results/checkpoints/general/d32_l4_hier_20260107_074555/best.pt",
  "data_path": "/home/hd/hd_hd/hd_vm305/Thesis/data/test/general_test.h5",
  "data_size": 300000,
  "class_distribution": {
    "Flat": 100000,
    "PSPL": 100000,
    "Binary": 100000
  },
  "normalization": {
    "flux_mean": 1.2299333810806274,
    "flux_std": 0.9222435355186462,
    "delta_t_mean": 0.010974787175655365,
    "delta_t_std": 0.0024516808334738016
  },
  "metrics": {
    "accuracy": 0.6990133333333334,
    "accuracy_ci_lower": 0.6972665,
    "accuracy_ci_upper": 0.7005570833333333,
    "precision_macro": 0.7038499759178988,
    "recall_macro": 0.6990133333333333,
    "f1_macro": 0.6888965898812008,
    "precision_weighted": 0.7038499759178987,
    "recall_weighted": 0.6990133333333334,
    "f1_weighted": 0.6888965898812007,
    "precision_Flat": 1.0,
    "recall_Flat": 1.0,
    "f1_Flat": 1.0,
    "precision_PSPL": 0.5758907623486721,
    "recall_PSPL": 0.36819,
    "f1_PSPL": 0.44919296790171653,
    "precision_Binary": 0.535659165405024,
    "recall_Binary": 0.72885,
    "f1_Binary": 0.6174968017418857,
    "roc_auc_macro": 0.8507008682583334,
    "roc_auc_weighted": 0.8507008682583334,
    "roc_auc_Flat": 1.0,
    "roc_auc_PSPL": 0.773128877475,
    "roc_auc_Binary": 0.7789737273,
    "confusion_matrix": [
      [
        100000,
        0,
        0
      ],
      [
        0,
        36819,
        63181
      ],
      [
        0,
        27115,
        72885
      ]
    ],
    "confusion_matrix_normalized": [
      [
        0.9999999999999001,
        0.0,
        0.0
      ],
      [
        0.0,
        0.3681899999999632,
        0.6318099999999368
      ],
      [
        0.0,
        0.2711499999999729,
        0.7288499999999272
      ]
    ]
  },
  "config": {
    "d_model": 32,
    "n_layers": 4,
    "dropout": 0.3,
    "window_size": 5,
    "max_seq_len": 7000,
    "n_classes": 3,
    "hierarchical": true,
    "use_aux_head": true,
    "stage2_temperature": 2.0,
    "use_residual": true,
    "use_layer_norm": true,
    "feature_extraction": "conv",
    "use_attention_pooling": true,
    "use_amp": false,
    "use_gradient_checkpointing": false,
    "use_flash_attention": true,
    "num_attention_heads": 2,
    "gru_dropout": 0.1,
    "bn_momentum": 0.2,
    "init_scale": 1.0
  },
  "parameters": {
    "batch_size": 128,
    "calibration_n_bins": 10,
    "roc_bootstrap_ci": true,
    "seed": 42
  },
  "has_aux_head": true,
  "timestamp": "2026-01-07T08:26:15.009608",
  "version": "4.1.1"
}