{
  "test_acc": 0.6775147914886475,
  "test_loss": 0.46171560883522034,
  "best_val_acc": 0.7056213021278381,
  "total_epochs": 10
}