{
  "metrics": {
    "accuracy": 0.7049704970497049,
    "n_classes": 3,
    "auroc_macro": 0.8606543147564082,
    "auroc_weighted": 0.8606543147564082,
    "flat_precision": 1.0,
    "flat_recall": 1.0,
    "flat_f1": 1.0,
    "pspl_precision": 0.533057137925082,
    "pspl_recall": 0.9264926492649265,
    "pspl_f1": 0.6767477536708306,
    "binary_precision": 0.7193585337915235,
    "binary_recall": 0.18841884188418842,
    "binary_f1": 0.29862101759391346
  },
  "classification_report": {
    "Flat": {
      "precision": 1.0,
      "recall": 1.0,
      "f1-score": 1.0,
      "support": 3333.0
    },
    "PSPL": {
      "precision": 0.533057137925082,
      "recall": 0.9264926492649265,
      "f1-score": 0.6767477536708306,
      "support": 3333.0
    },
    "Binary": {
      "precision": 0.7193585337915235,
      "recall": 0.18841884188418842,
      "f1-score": 0.29862101759391346,
      "support": 3333.0
    },
    "accuracy": 0.7049704970497049,
    "macro avg": {
      "precision": 0.7508052239055352,
      "recall": 0.7049704970497049,
      "f1-score": 0.6584562570882481,
      "support": 9999.0
    },
    "weighted avg": {
      "precision": 0.7508052239055352,
      "recall": 0.7049704970497049,
      "f1-score": 0.6584562570882482,
      "support": 9999.0
    }
  },
  "confusion_matrix": [
    [
      3333,
      0,
      0
    ],
    [
      0,
      3088,
      245
    ],
    [
      0,
      2705,
      628
    ]
  ],
  "n_classes": 3,
  "n_points": 1000,
  "n_samples": 9999,
  "high_confidence_80": 3707,
  "high_confidence_90": 3671,
  "has_u0_analysis": false,
  "version": "2.0.0"
}