{
  "test_acc": 0.725925925925926,
  "test_loss": 0.48302026589711505,
  "best_val_acc": 0.762962962962963,
  "total_epochs": 10,
  "version": "15.1"
}