{
  "experiment": "d32_l4_hier_20260102_055211",
  "model_path": "../results/checkpoints/baseline/d32_l4_hier_20260102_055211/best.pt",
  "data_path": "/home/hd/hd_hd/hd_vm305/Thesis/data/test/baseline_test.h5",
  "data_size": 150000,
  "class_distribution": {
    "Flat": 50000,
    "PSPL": 50000,
    "Binary": 50000
  },
  "normalization": {
    "flux_mean": 1.1727330684661865,
    "flux_std": 0.8036859035491943,
    "delta_t_mean": 0.010969636030495167,
    "delta_t_std": 0.002451656386256218
  },
  "metrics": {
    "accuracy": 0.7795733333333333,
    "accuracy_ci_lower": 0.7774464999999999,
    "accuracy_ci_upper": 0.7817336666666667,
    "precision_macro": 0.8335058452015569,
    "recall_macro": 0.7795733333333333,
    "f1_macro": 0.7601933288078281,
    "precision_weighted": 0.8335058452015569,
    "recall_weighted": 0.7795733333333333,
    "f1_weighted": 0.7601933288078281,
    "precision_Flat": 1.0,
    "recall_Flat": 1.0,
    "f1_Flat": 1.0,
    "precision_PSPL": 0.6079716427806395,
    "recall_PSPL": 0.95364,
    "f1_PSPL": 0.7425483539415081,
    "precision_Binary": 0.8925458928240312,
    "recall_Binary": 0.38508,
    "f1_Binary": 0.5380316324819762,
    "roc_auc_macro": 0.9023594381666667,
    "roc_auc_weighted": 0.9023594381666666,
    "roc_auc_Flat": 1.0,
    "roc_auc_PSPL": 0.8535509388000001,
    "roc_auc_Binary": 0.8535273757,
    "confusion_matrix": [
      [
        50000,
        0,
        0
      ],
      [
        0,
        47682,
        2318
      ],
      [
        0,
        30746,
        19254
      ]
    ],
    "confusion_matrix_normalized": [
      [
        0.9999999999998,
        0.0,
        0.0
      ],
      [
        0.0,
        0.9536399999998093,
        0.04635999999999073
      ],
      [
        0.0,
        0.614919999999877,
        0.385079999999923
      ]
    ]
  },
  "config": {
    "d_model": 32,
    "n_layers": 4,
    "dropout": 0.3,
    "window_size": 5,
    "max_seq_len": 7000,
    "n_classes": 3,
    "hierarchical": true,
    "use_aux_head": true,
    "stage2_temperature": 1.0,
    "use_residual": true,
    "use_layer_norm": true,
    "feature_extraction": "conv",
    "use_attention_pooling": true,
    "use_amp": false,
    "use_gradient_checkpointing": false,
    "use_flash_attention": true,
    "num_attention_heads": 2,
    "gru_dropout": 0.1,
    "bn_momentum": 0.2,
    "init_scale": 1.0
  },
  "parameters": {
    "batch_size": 128,
    "calibration_n_bins": 10,
    "roc_bootstrap_ci": true,
    "seed": 42
  },
  "has_aux_head": true,
  "timestamp": "2026-01-02T09:05:01.917940",
  "version": "4.1.0"
}