{
  "test_acc": 0.7916666865348816,
  "test_loss": 1.06365966796875,
  "best_val_acc": 0.7291666865348816,
  "total_epochs": 5,
  "version": "15.1"
}