{
  "test_acc": 0.7387333512306213,
  "test_loss": 0.3477104902267456,
  "test_class_acc": [
    1.0,
    0.5168333053588867,
    0.8299999833106995
  ],
  "best_val_acc": 0.7411333322525024,
  "calibration": {
    "temperature": 0.9555808901786804,
    "ece_before": 0.036373035701115934,
    "ece_after": 0.03971114900906881,
    "nll_before": 0.4700663387775421,
    "nll_after": 0.4694725573062897
  },
  "total_epochs": 100
}