{
  "experiment": "d32_l4_hier_20260107_091630",
  "model_path": "../results/checkpoints/general/d32_l4_hier_20260107_091630/best.pt",
  "data_path": "/home/hd/hd_hd/hd_vm305/Thesis/data/test/distinct_test.h5",
  "data_size": 300000,
  "class_distribution": {
    "Flat": 100000,
    "PSPL": 100000,
    "Binary": 100000
  },
  "normalization": {
    "flux_mean": 1.2300021648406982,
    "flux_std": 0.9199849367141724,
    "delta_t_mean": 0.010949384421110153,
    "delta_t_std": 0.0024517241399735212
  },
  "metrics": {
    "accuracy": 0.76603,
    "accuracy_ci_lower": 0.7644793333333334,
    "accuracy_ci_upper": 0.7675405833333333,
    "precision_macro": 0.862438379570231,
    "recall_macro": 0.7660300000000001,
    "f1_macro": 0.733181047416846,
    "precision_weighted": 0.862438379570231,
    "recall_weighted": 0.76603,
    "f1_weighted": 0.7331810474168459,
    "precision_Flat": 1.0,
    "recall_Flat": 1.0,
    "f1_Flat": 1.0,
    "precision_PSPL": 0.999731768650461,
    "recall_PSPL": 0.29817,
    "f1_PSPL": 0.45934142114384746,
    "precision_Binary": 0.5875833700602321,
    "recall_Binary": 0.99992,
    "f1_Binary": 0.7402017211066901,
    "roc_auc_macro": 0.9325621910083334,
    "roc_auc_weighted": 0.9325621910083333,
    "roc_auc_Flat": 1.0,
    "roc_auc_PSPL": 0.889903124075,
    "roc_auc_Binary": 0.90778344895,
    "confusion_matrix": [
      [
        100000,
        0,
        0
      ],
      [
        0,
        29817,
        70183
      ],
      [
        0,
        8,
        99992
      ]
    ],
    "confusion_matrix_normalized": [
      [
        0.9999999999999001,
        0.0,
        0.0
      ],
      [
        0.0,
        0.2981699999999702,
        0.7018299999999298
      ],
      [
        0.0,
        7.9999999999992e-05,
        0.9999199999999
      ]
    ]
  },
  "config": {
    "d_model": 32,
    "n_layers": 4,
    "dropout": 0.3,
    "window_size": 5,
    "max_seq_len": 7000,
    "n_classes": 3,
    "hierarchical": true,
    "use_aux_head": true,
    "stage2_temperature": 2.0,
    "use_residual": true,
    "use_layer_norm": true,
    "feature_extraction": "conv",
    "use_attention_pooling": true,
    "use_amp": false,
    "use_gradient_checkpointing": false,
    "use_flash_attention": true,
    "num_attention_heads": 4,
    "gru_dropout": 0.2,
    "bn_momentum": 0.2,
    "init_scale": 1.0
  },
  "parameters": {
    "batch_size": 128,
    "calibration_n_bins": 10,
    "roc_bootstrap_ci": true,
    "seed": 42
  },
  "has_aux_head": true,
  "timestamp": "2026-01-07T10:04:29.060733",
  "version": "4.1.1"
}