{
  "test_acc": 0.8333333134651184,
  "test_loss": 0.4692421853542328,
  "best_val_acc": 0.8333333134651184,
  "total_epochs": 27,
  "version": "15.1"
}