{
  "experiment": "d16_l4_hier_20251219_092100",
  "model_path": "../results/checkpoints/d16_l4_hier_20251219_092100/best.pt",
  "data_path": "/home/hd/hd_hd/hd_vm305/Thesis/data/test/test.h5",
  "data_size": 150000,
  "class_distribution": {
    "Flat": 50000,
    "PSPL": 50000,
    "Binary": 50000
  },
  "normalization": {
    "flux_mean": 1.2710034847259521,
    "flux_std": 1.1834701299667358,
    "delta_t_mean": 0.08783376961946487,
    "delta_t_std": 0.01961698569357395
  },
  "metrics": {
    "accuracy": 0.9929,
    "accuracy_ci_lower": 0.99246,
    "accuracy_ci_upper": 0.9933266666666667,
    "precision_macro": 0.9929202886498284,
    "recall_macro": 0.9929,
    "f1_macro": 0.9928973337290516,
    "precision_weighted": 0.9929202886498285,
    "recall_weighted": 0.9929,
    "f1_weighted": 0.9928973337290518,
    "precision_Flat": 0.9926543577526306,
    "recall_Flat": 1.0,
    "f1_Flat": 0.9963136395337252,
    "precision_PSPL": 0.9882270777212412,
    "recall_PSPL": 0.9905,
    "f1_PSPL": 0.9893622334315537,
    "precision_Binary": 0.9978794304756134,
    "recall_Binary": 0.9882,
    "f1_Binary": 0.9930161282218761,
    "roc_auc_macro": 0.9983653533,
    "roc_auc_weighted": 0.9983653533000001,
    "roc_auc_Flat": 1.0,
    "roc_auc_PSPL": 0.9956170616,
    "roc_auc_Binary": 0.9994789983000001,
    "confusion_matrix": [
      [
        50000,
        0,
        0
      ],
      [
        370,
        49525,
        105
      ],
      [
        0,
        590,
        49410
      ]
    ],
    "confusion_matrix_normalized": [
      [
        0.9999999999998,
        0.0,
        0.0
      ],
      [
        0.007399999999998521,
        0.990499999999802,
        0.00209999999999958
      ],
      [
        0.0,
        0.01179999999999764,
        0.9881999999998025
      ]
    ]
  },
  "config": {
    "d_model": 16,
    "n_layers": 4,
    "dropout": 0.3,
    "window_size": 7,
    "max_seq_len": 2400,
    "n_classes": 3,
    "hierarchical": true,
    "use_aux_head": true,
    "stage2_temperature": 1.0,
    "use_residual": true,
    "use_layer_norm": true,
    "feature_extraction": "conv",
    "use_attention_pooling": true,
    "use_amp": false,
    "use_gradient_checkpointing": false,
    "use_flash_attention": true,
    "num_attention_heads": 2,
    "gru_dropout": 0.1,
    "bn_momentum": 0.2,
    "init_scale": 1.0
  },
  "parameters": {
    "batch_size": 1024,
    "calibration_n_bins": 10,
    "roc_bootstrap_ci": true,
    "seed": 42
  },
  "has_aux_head": true,
  "timestamp": "2025-12-19T09:36:09.250643",
  "version": "3.0.2"
}