{
  "experiment": "d128_l6_hier_20251219_070044",
  "model_path": "../results/checkpoints/d128_l6_hier_20251219_070044/checkpoints/checkpoint_latest.pt",
  "data_path": "/home/hd/hd_hd/hd_vm305/Thesis/data/test/test.h5",
  "data_size": 150000,
  "class_distribution": {
    "Flat": 50000,
    "PSPL": 50000,
    "Binary": 50000
  },
  "normalization": {
    "flux_mean": 1.3074485063552856,
    "flux_std": 1.3046711683273315,
    "delta_t_mean": 0.0876999944448471,
    "delta_t_std": 0.019618140533566475
  },
  "metrics": {
    "accuracy": 0.7368266666666666,
    "accuracy_ci_lower": 0.7345263333333333,
    "accuracy_ci_upper": 0.7390868333333334,
    "precision_macro": 0.8529363553727629,
    "recall_macro": 0.7368266666666666,
    "f1_macro": 0.6882440328693278,
    "precision_weighted": 0.852936355372763,
    "recall_weighted": 0.7368266666666666,
    "f1_weighted": 0.6882440328693278,
    "precision_Flat": 1.0,
    "recall_Flat": 1.0,
    "f1_Flat": 1.0,
    "precision_PSPL": 0.5588090661182887,
    "recall_PSPL": 1.0,
    "f1_PSPL": 0.7169692276807479,
    "precision_Binary": 1.0,
    "recall_Binary": 0.21048,
    "f1_Binary": 0.34776287092723546,
    "roc_auc_macro": 0.8726590169333334,
    "roc_auc_weighted": 0.8726590169333333,
    "roc_auc_Flat": 1.0,
    "roc_auc_PSPL": 0.7990902019,
    "roc_auc_Binary": 0.8188868489,
    "confusion_matrix": [
      [
        50000,
        0,
        0
      ],
      [
        0,
        50000,
        0
      ],
      [
        0,
        39476,
        10524
      ]
    ],
    "confusion_matrix_normalized": [
      [
        0.9999999999998,
        0.0,
        0.0
      ],
      [
        0.0,
        0.9999999999998,
        0.0
      ],
      [
        0.0,
        0.7895199999998421,
        0.21047999999995792
      ]
    ]
  },
  "config": {
    "d_model": 128,
    "n_layers": 6,
    "dropout": 0.3,
    "window_size": 7,
    "max_seq_len": 2400,
    "n_classes": 3,
    "hierarchical": true,
    "use_aux_head": true,
    "stage2_temperature": 1.0,
    "use_residual": true,
    "use_layer_norm": true,
    "feature_extraction": "conv",
    "use_attention_pooling": true,
    "use_amp": false,
    "use_gradient_checkpointing": false,
    "use_flash_attention": true,
    "num_attention_heads": 2,
    "gru_dropout": 0.1,
    "bn_momentum": 0.2,
    "init_scale": 1.0
  },
  "parameters": {
    "batch_size": 512,
    "calibration_n_bins": 10,
    "roc_bootstrap_ci": true,
    "seed": 42
  },
  "has_aux_head": true,
  "timestamp": "2025-12-19T07:17:12.288259",
  "version": "3.0.2"
}