{
  "metrics": {
    "accuracy": 0.7933333333333333,
    "n_classes": 3,
    "flat_precision": 1.0,
    "flat_recall": 1.0,
    "flat_f1": 1.0,
    "pspl_precision": 0.620253164556962,
    "pspl_recall": 0.98,
    "pspl_f1": 0.7596899224806202,
    "binary_precision": 0.9523809523809523,
    "binary_recall": 0.4,
    "binary_f1": 0.5633802816901409
  },
  "classification_report": {
    "Flat": {
      "precision": 1.0,
      "recall": 1.0,
      "f1-score": 1.0,
      "support": 100.0
    },
    "PSPL": {
      "precision": 0.620253164556962,
      "recall": 0.98,
      "f1-score": 0.7596899224806202,
      "support": 100.0
    },
    "Binary": {
      "precision": 0.9523809523809523,
      "recall": 0.4,
      "f1-score": 0.5633802816901409,
      "support": 100.0
    },
    "accuracy": 0.7933333333333333,
    "macro avg": {
      "precision": 0.8575447056459714,
      "recall": 0.7933333333333333,
      "f1-score": 0.774356734723587,
      "support": 300.0
    },
    "weighted avg": {
      "precision": 0.8575447056459715,
      "recall": 0.7933333333333333,
      "f1-score": 0.774356734723587,
      "support": 300.0
    }
  },
  "confusion_matrix": [
    [
      100,
      0,
      0
    ],
    [
      0,
      98,
      2
    ],
    [
      0,
      60,
      40
    ]
  ],
  "n_classes": 3,
  "n_samples": 300,
  "high_confidence_80": 100,
  "high_confidence_90": 100,
  "has_u0_analysis": true,
  "version": "15.0"
}