{
  "metrics": {
    "accuracy": 0.9956,
    "precision": 0.9957983193277311,
    "recall": 0.9954,
    "f1": 0.9955991198239648,
    "roc_auc": 0.99988534,
    "tp": 4977,
    "tn": 4979,
    "fp": 21,
    "fn": 23
  },
  "n_samples": 10000,
  "high_confidence_90": 9879,
  "high_confidence_95": 9843,
  "has_u0_analysis": true
}