{
  "accuracy": 0.976,
  "precision_macro": 0.9766849529780565,
  "recall_macro": 0.9759029625287461,
  "f1_macro": 0.9759339038144054,
  "f1_Flat": 0.9737609329446064,
  "f1_PSPL": 0.963076923076923,
  "f1_Binary": 0.9909638554216867,
  "auc_macro": 0.9953464606751722,
  "auc_Flat": 0.9962260164355973,
  "auc_PSPL": 0.9900243407891114,
  "auc_Binary": 0.999789024800808
}