{
  "test_acc": 0.9914000034332275,
  "test_loss": 0.031470540910959244,
  "test_class_acc": [
    1.0,
    0.9984999895095825,
    0.9800000190734863
  ],
  "best_val_acc": 0.992733359336853,
  "calibration": {
    "temperature": 0.8410751819610596,
    "ece_before": 0.015393823305765787,
    "ece_after": 0.008852644729614258,
    "nll_before": 0.03451650217175484,
    "nll_after": 0.027952181175351143
  },
  "total_epochs": 100
}