{
  "experiment": "d32_l4_hier_20260107_094030",
  "model_path": "../results/checkpoints/distinct/d32_l4_hier_20260107_094030/best.pt",
  "data_path": "/home/hd/hd_hd/hd_vm305/Thesis/data/test/distinct_test.h5",
  "data_size": 300000,
  "class_distribution": {
    "Flat": 100000,
    "PSPL": 100000,
    "Binary": 100000
  },
  "normalization": {
    "flux_mean": 1.3257726430892944,
    "flux_std": 1.2923994064331055,
    "delta_t_mean": 0.010949097573757172,
    "delta_t_std": 0.0024517278652638197
  },
  "metrics": {
    "accuracy": 0.9964866666666666,
    "accuracy_ci_lower": 0.99628325,
    "accuracy_ci_upper": 0.9966900833333333,
    "precision_macro": 0.9965126764758626,
    "recall_macro": 0.9964866666666666,
    "f1_macro": 0.9964865974048532,
    "precision_weighted": 0.9965126764758626,
    "recall_weighted": 0.9964866666666666,
    "f1_weighted": 0.9964865974048532,
    "precision_Flat": 1.0,
    "recall_Flat": 1.0,
    "f1_Flat": 1.0,
    "precision_PSPL": 0.9903754658631354,
    "recall_PSPL": 0.99917,
    "f1_PSPL": 0.9947532953685636,
    "precision_Binary": 0.9991625635644523,
    "recall_Binary": 0.99029,
    "f1_Binary": 0.9947064968459962,
    "roc_auc_macro": 0.9991653499833334,
    "roc_auc_weighted": 0.9991653499833333,
    "roc_auc_Flat": 1.0,
    "roc_auc_PSPL": 0.9980522986,
    "roc_auc_Binary": 0.99944375135,
    "confusion_matrix": [
      [
        100000,
        0,
        0
      ],
      [
        0,
        99917,
        83
      ],
      [
        0,
        971,
        99029
      ]
    ],
    "confusion_matrix_normalized": [
      [
        0.9999999999999001,
        0.0,
        0.0
      ],
      [
        0.0,
        0.9991699999999001,
        0.0008299999999999171
      ],
      [
        0.0,
        0.009709999999999028,
        0.990289999999901
      ]
    ]
  },
  "config": {
    "d_model": 32,
    "n_layers": 4,
    "dropout": 0.3,
    "window_size": 5,
    "max_seq_len": 7000,
    "n_classes": 3,
    "hierarchical": true,
    "use_aux_head": true,
    "stage2_temperature": 2.0,
    "use_residual": true,
    "use_layer_norm": true,
    "feature_extraction": "conv",
    "use_attention_pooling": true,
    "use_amp": false,
    "use_gradient_checkpointing": false,
    "use_flash_attention": true,
    "num_attention_heads": 4,
    "gru_dropout": 0.2,
    "bn_momentum": 0.2,
    "init_scale": 1.0
  },
  "parameters": {
    "batch_size": 128,
    "calibration_n_bins": 10,
    "roc_bootstrap_ci": true,
    "seed": 42
  },
  "has_aux_head": true,
  "timestamp": "2026-01-07T10:27:10.463099",
  "version": "4.1.1"
}