{
  "test_acc": 0.6395999789237976,
  "test_loss": 0.39805737137794495,
  "test_class_acc": [
    1.0,
    0.9123333096504211,
    0.18666666746139526
  ],
  "best_val_acc": 0.647933304309845,
  "calibration": {
    "temperature": 0.9496449828147888,
    "ece_before": 0.011911806670824688,
    "ece_after": 0.015563429832458493,
    "nll_before": 0.5235927104949951,
    "nll_after": 0.5233860015869141
  },
  "total_epochs": 90
}