{
  "experiment": "d32_l4_hier_20260107_094030",
  "model_path": "../results/checkpoints/distinct/d32_l4_hier_20260107_094030/best.pt",
  "data_path": "/home/hd/hd_hd/hd_vm305/Thesis/data/test/general_test.h5",
  "data_size": 300000,
  "class_distribution": {
    "Flat": 100000,
    "PSPL": 100000,
    "Binary": 100000
  },
  "normalization": {
    "flux_mean": 1.3257726430892944,
    "flux_std": 1.2923994064331055,
    "delta_t_mean": 0.010949097573757172,
    "delta_t_std": 0.0024517278652638197
  },
  "metrics": {
    "accuracy": 0.7071966666666667,
    "accuracy_ci_lower": 0.7055963333333333,
    "accuracy_ci_upper": 0.7089204166666666,
    "precision_macro": 0.8419549910992066,
    "recall_macro": 0.7071966666666666,
    "f1_macro": 0.6374992615186222,
    "precision_weighted": 0.8419549910992064,
    "recall_weighted": 0.7071966666666667,
    "f1_weighted": 0.6374992615186224,
    "precision_Flat": 0.9997300728803223,
    "recall_Flat": 1.0,
    "f1_Flat": 0.9998650182225399,
    "precision_PSPL": 0.5324686397595626,
    "recall_PSPL": 0.99922,
    "f1_PSPL": 0.6947277670010916,
    "precision_Binary": 0.9936662606577344,
    "recall_Binary": 0.12237,
    "f1_Binary": 0.21790499933223523,
    "roc_auc_macro": 0.8492234661416665,
    "roc_auc_weighted": 0.8492234661416667,
    "roc_auc_Flat": 1.0,
    "roc_auc_PSPL": 0.76774972535,
    "roc_auc_Binary": 0.779920673075,
    "confusion_matrix": [
      [
        100000,
        0,
        0
      ],
      [
        0,
        99922,
        78
      ],
      [
        27,
        87736,
        12237
      ]
    ],
    "confusion_matrix_normalized": [
      [
        0.9999999999999001,
        0.0,
        0.0
      ],
      [
        0.0,
        0.9992199999999001,
        0.000779999999999922
      ],
      [
        0.000269999999999973,
        0.8773599999999123,
        0.12236999999998777
      ]
    ]
  },
  "config": {
    "d_model": 32,
    "n_layers": 4,
    "dropout": 0.3,
    "window_size": 5,
    "max_seq_len": 7000,
    "n_classes": 3,
    "hierarchical": true,
    "use_aux_head": true,
    "stage2_temperature": 2.0,
    "use_residual": true,
    "use_layer_norm": true,
    "feature_extraction": "conv",
    "use_attention_pooling": true,
    "use_amp": false,
    "use_gradient_checkpointing": false,
    "use_flash_attention": true,
    "num_attention_heads": 4,
    "gru_dropout": 0.2,
    "bn_momentum": 0.2,
    "init_scale": 1.0
  },
  "parameters": {
    "batch_size": 128,
    "calibration_n_bins": 10,
    "roc_bootstrap_ci": true,
    "seed": 42
  },
  "has_aux_head": true,
  "timestamp": "2026-01-07T10:27:01.686428",
  "version": "4.1.1"
}