{
  "accuracy": 0.974,
  "precision_macro": 0.9746511059003229,
  "recall_macro": 0.9743296233680848,
  "f1_macro": 0.9739687475367184,
  "f1_Flat": 0.9687964338781575,
  "f1_PSPL": 0.9606060606060606,
  "f1_Binary": 0.992503748125937,
  "auc_macro": 0.9852975400232062,
  "auc_Flat": 0.9880918789026233,
  "auc_PSPL": 0.9689930102433006,
  "auc_Binary": 0.9988077309236948
}