{
  "test_acc": 0.8222222222222222,
  "test_loss": 0.4654739797115326,
  "best_val_acc": 0.8222222222222222,
  "total_epochs": 10,
  "version": "15.1"
}