{
  "metrics": {
    "accuracy": 0.9877987798779878,
    "n_classes": 3,
    "flat_precision": 1.0,
    "flat_recall": 1.0,
    "flat_f1": 1.0,
    "pspl_precision": 0.9825668770664262,
    "pspl_recall": 0.9807980798079808,
    "pspl_f1": 0.9816816816816817,
    "binary_precision": 0.9808325846061695,
    "binary_recall": 0.9825982598259826,
    "binary_f1": 0.9817146282973621
  },
  "classification_report": {
    "Flat": {
      "precision": 1.0,
      "recall": 1.0,
      "f1-score": 1.0,
      "support": 3333.0
    },
    "PSPL": {
      "precision": 0.9825668770664262,
      "recall": 0.9807980798079808,
      "f1-score": 0.9816816816816817,
      "support": 3333.0
    },
    "Binary": {
      "precision": 0.9808325846061695,
      "recall": 0.9825982598259826,
      "f1-score": 0.9817146282973621,
      "support": 3333.0
    },
    "accuracy": 0.9877987798779878,
    "macro avg": {
      "precision": 0.9877998205575319,
      "recall": 0.9877987798779877,
      "f1-score": 0.9877987699930145,
      "support": 9999.0
    },
    "weighted avg": {
      "precision": 0.9877998205575319,
      "recall": 0.9877987798779878,
      "f1-score": 0.9877987699930147,
      "support": 9999.0
    }
  },
  "confusion_matrix": [
    [
      3333,
      0,
      0
    ],
    [
      0,
      3269,
      64
    ],
    [
      0,
      58,
      3275
    ]
  ],
  "n_classes": 3,
  "n_samples": 9999,
  "high_confidence_80": 9826,
  "high_confidence_90": 9660,
  "has_u0_analysis": true
}