{
  "metrics": {
    "accuracy": 0.7744444444444445,
    "n_classes": 3,
    "flat_precision": 1.0,
    "flat_recall": 1.0,
    "flat_f1": 1.0,
    "pspl_precision": 0.7063829787234043,
    "pspl_recall": 0.5533333333333333,
    "pspl_f1": 0.6205607476635514,
    "binary_precision": 0.6328767123287671,
    "binary_recall": 0.77,
    "binary_f1": 0.6947368421052632
  },
  "classification_report": {
    "Flat": {
      "precision": 1.0,
      "recall": 1.0,
      "f1-score": 1.0,
      "support": 300.0
    },
    "PSPL": {
      "precision": 0.7063829787234043,
      "recall": 0.5533333333333333,
      "f1-score": 0.6205607476635514,
      "support": 300.0
    },
    "Binary": {
      "precision": 0.6328767123287671,
      "recall": 0.77,
      "f1-score": 0.6947368421052632,
      "support": 300.0
    },
    "accuracy": 0.7744444444444445,
    "macro avg": {
      "precision": 0.7797532303507237,
      "recall": 0.7744444444444444,
      "f1-score": 0.7717658632562715,
      "support": 900.0
    },
    "weighted avg": {
      "precision": 0.7797532303507237,
      "recall": 0.7744444444444445,
      "f1-score": 0.7717658632562715,
      "support": 900.0
    }
  },
  "confusion_matrix": [
    [
      300,
      0,
      0
    ],
    [
      0,
      166,
      134
    ],
    [
      0,
      69,
      231
    ]
  ],
  "n_classes": 3,
  "n_samples": 900,
  "high_confidence_80": 407,
  "high_confidence_90": 365,
  "has_u0_analysis": true,
  "version": "15.0"
}