{
  "baseline": {
    "accuracy": 0.9989333333333333,
    "roc_auc": 0.9999936720888608,
    "early_50": 0.5419466495513916
  },
  "distinct": {
    "accuracy": 0.9971533333333333,
    "roc_auc": 1.0,
    "early_50": 0.5524799823760986
  },
  "cadence_05": {
    "accuracy": 0.9969733333333334,
    "roc_auc": 0.9999973662222105,
    "early_50": 0.5582066774368286
  },
  "cadence_40": {
    "accuracy": 0.9086066666666667,
    "roc_auc": 0.9990043614177971,
    "early_50": 0.5325800180435181
  },
  "error_low": {
    "accuracy": 0.9963466666666667,
    "roc_auc": 0.9999249808885555,
    "early_50": 0.5414199829101562
  },
  "error_high": {
    "accuracy": 0.9999933333333333,
    "roc_auc": 0.9999999998222222,
    "early_50": 0.5662733316421509
  }
}