{
  "experiment": "d64_l4_hier_20260103_220839",
  "model_path": "../results/checkpoints/distinct/d64_l4_hier_20260103_220839/best.pt",
  "data_path": "/home/hd/hd_hd/hd_vm305/Thesis/data/test/general_test.h5",
  "data_size": 300000,
  "class_distribution": {
    "Flat": 100000,
    "PSPL": 100000,
    "Binary": 100000
  },
  "normalization": {
    "flux_mean": 1.2799023389816284,
    "flux_std": 1.169071912765503,
    "delta_t_mean": 0.010976988822221756,
    "delta_t_std": 0.0024517476558685303
  },
  "metrics": {
    "accuracy": 0.7040633333333334,
    "accuracy_ci_lower": 0.7024599166666666,
    "accuracy_ci_upper": 0.70565675,
    "precision_macro": 0.8432357103840058,
    "recall_macro": 0.7040633333333334,
    "f1_macro": 0.6314366140015635,
    "precision_weighted": 0.8432357103840058,
    "recall_weighted": 0.7040633333333334,
    "f1_weighted": 0.6314366140015635,
    "precision_Flat": 0.999990000099999,
    "recall_Flat": 1.0,
    "f1_Flat": 0.9999950000249999,
    "precision_PSPL": 0.5297171310520182,
    "recall_PSPL": 1.0,
    "f1_PSPL": 0.6925687374471916,
    "precision_Binary": 1.0,
    "recall_Binary": 0.11219,
    "f1_Binary": 0.20174610453249894,
    "roc_auc_macro": 0.8589615211166667,
    "roc_auc_weighted": 0.8589615211166668,
    "roc_auc_Flat": 1.0,
    "roc_auc_PSPL": 0.791002702825,
    "roc_auc_Binary": 0.7858818605250001,
    "confusion_matrix": [
      [
        100000,
        0,
        0
      ],
      [
        0,
        100000,
        0
      ],
      [
        1,
        88780,
        11219
      ]
    ],
    "confusion_matrix_normalized": [
      [
        0.9999999999999001,
        0.0,
        0.0
      ],
      [
        0.0,
        0.9999999999999001,
        0.0
      ],
      [
        9.999999999999e-06,
        0.8877999999999112,
        0.11218999999998878
      ]
    ]
  },
  "config": {
    "d_model": 64,
    "n_layers": 4,
    "dropout": 0.3,
    "window_size": 5,
    "n_classes": 3,
    "hierarchical": true,
    "use_aux_head": true,
    "stage2_temperature": 1.0,
    "use_residual": true,
    "use_layer_norm": true,
    "use_attention_pooling": true,
    "use_flash_attention": true,
    "num_attention_heads": 8,
    "lstm_dropout": 0.15,
    "locked_dropout": 0.15,
    "num_groups": 8,
    "use_gradient_checkpointing": false
  },
  "parameters": {
    "batch_size": 128,
    "calibration_n_bins": 10,
    "roc_bootstrap_ci": true,
    "seed": 42
  },
  "has_aux_head": true,
  "timestamp": "2026-01-03T22:48:53.199158",
  "version": "7.1.0"
}