{
  "metrics": {
    "accuracy": 0.75673,
    "n_classes": 3,
    "auroc_macro": 0.8911700656597222,
    "auroc_weighted": 0.8696407126041666,
    "flat_precision": 0.8428860418071477,
    "flat_recall": 1.0,
    "flat_f1": 0.9147457006952068,
    "pspl_precision": 0.6603882788728668,
    "pspl_recall": 0.998375,
    "pspl_f1": 0.794947846166096,
    "binary_precision": 0.9960759493670887,
    "binary_recall": 0.39345,
    "binary_f1": 0.5640860215053763
  },
  "classification_report": {
    "Flat": {
      "precision": 0.8428860418071477,
      "recall": 1.0,
      "f1-score": 0.9147457006952068,
      "support": 20000.0
    },
    "PSPL": {
      "precision": 0.6603882788728668,
      "recall": 0.998375,
      "f1-score": 0.794947846166096,
      "support": 40000.0
    },
    "Binary": {
      "precision": 0.9960759493670887,
      "recall": 0.39345,
      "f1-score": 0.5640860215053763,
      "support": 40000.0
    },
    "accuracy": 0.75673,
    "macro avg": {
      "precision": 0.8331167566823677,
      "recall": 0.797275,
      "f1-score": 0.757926522788893,
      "support": 100000.0
    },
    "weighted avg": {
      "precision": 0.8311628996574116,
      "recall": 0.75673,
      "f1-score": 0.7265626872076302,
      "support": 100000.0
    }
  },
  "confusion_matrix": [
    [
      20000,
      0,
      0
    ],
    [
      3,
      39935,
      62
    ],
    [
      3725,
      20537,
      15738
    ]
  ],
  "n_classes": 3,
  "n_points": 1000,
  "n_samples": 100000,
  "high_confidence_80": 92376,
  "high_confidence_90": 84921,
  "has_u0_analysis": false,
  "version": "2.0.0"
}