{
  "experiment": "d64_l4_hier_20260103_213025",
  "model_path": "../results/checkpoints/baseline/d64_l4_hier_20260103_213025/best.pt",
  "data_path": "/home/hd/hd_hd/hd_vm305/Thesis/data/test/general_test.h5",
  "data_size": 300000,
  "class_distribution": {
    "Flat": 100000,
    "PSPL": 100000,
    "Binary": 100000
  },
  "normalization": {
    "flux_mean": 1.2110310792922974,
    "flux_std": 0.8781295418739319,
    "delta_t_mean": 0.010976945050060749,
    "delta_t_std": 0.002451772801578045
  },
  "metrics": {
    "accuracy": 0.7294566666666666,
    "accuracy_ci_lower": 0.72786975,
    "accuracy_ci_upper": 0.7310670833333333,
    "precision_macro": 0.7841581026124893,
    "recall_macro": 0.7294566666666666,
    "f1_macro": 0.6938104648218567,
    "precision_weighted": 0.7841581026124893,
    "recall_weighted": 0.7294566666666666,
    "f1_weighted": 0.6938104648218568,
    "precision_Flat": 0.999950002499875,
    "recall_Flat": 1.0,
    "f1_Flat": 0.9999750006249843,
    "precision_PSPL": 0.5560000475533786,
    "recall_PSPL": 0.93537,
    "f1_PSPL": 0.697433564973605,
    "precision_Binary": 0.7965242577842143,
    "recall_Binary": 0.253,
    "f1_Binary": 0.38402282886698086,
    "roc_auc_macro": 0.89025519595,
    "roc_auc_weighted": 0.89025519595,
    "roc_auc_Flat": 0.9999999994000001,
    "roc_auc_PSPL": 0.835347758225,
    "roc_auc_Binary": 0.8354178302249999,
    "confusion_matrix": [
      [
        100000,
        0,
        0
      ],
      [
        0,
        93537,
        6463
      ],
      [
        5,
        74695,
        25300
      ]
    ],
    "confusion_matrix_normalized": [
      [
        0.9999999999999001,
        0.0,
        0.0
      ],
      [
        0.0,
        0.9353699999999064,
        0.06462999999999354
      ],
      [
        4.9999999999995e-05,
        0.7469499999999253,
        0.2529999999999747
      ]
    ]
  },
  "config": {
    "d_model": 64,
    "n_layers": 4,
    "dropout": 0.3,
    "window_size": 5,
    "n_classes": 3,
    "hierarchical": true,
    "use_aux_head": true,
    "stage2_temperature": 1.0,
    "use_residual": true,
    "use_layer_norm": true,
    "use_attention_pooling": true,
    "use_flash_attention": true,
    "num_attention_heads": 8,
    "lstm_dropout": 0.15,
    "locked_dropout": 0.15,
    "num_groups": 8,
    "use_gradient_checkpointing": false
  },
  "parameters": {
    "batch_size": 128,
    "calibration_n_bins": 10,
    "roc_bootstrap_ci": true,
    "seed": 42
  },
  "has_aux_head": true,
  "timestamp": "2026-01-03T22:49:09.248605",
  "version": "7.1.0"
}