{
  "u0_bins": [
    0.005879094982417775,
    0.10394472811978703,
    0.2020103612571563,
    0.30007599439452554,
    0.3981416275318948,
    0.49620726066926407,
    0.5942728938066333,
    0.6923385269440026,
    0.7904041600813718,
    0.8884697932187411,
    0.9865354263561104
  ],
  "u0_centers": [
    0.0549119115511024,
    0.15297754468847166,
    0.2510431778258409,
    0.34910881096321017,
    0.44717444410057944,
    0.5452400772379487,
    0.6433057103753179,
    0.7413713435126872,
    0.8394369766500565,
    0.9375026097874257
  ],
  "accuracies": [
    0.26666666666666666,
    0.6,
    0.1111111111111111,
    0.4444444444444444,
    0.45454545454545453,
    0.2857142857142857,
    0.2,
    0.18181818181818182,
    0.25,
    0.35714285714285715
  ],
  "counts": [
    15,
    5,
    9,
    9,
    11,
    7,
    10,
    11,
    8,
    14
  ],
  "all_u0": [
    0.7448958411978382,
    0.9605656989804616,
    0.64676415184099,
    0.8628116617009224,
    0.7947803413119887,
    0.8827289703479498,
    0.45703992082016504,
    0.1332259364437919,
    0.2693877141074502,
    0.5646852425201601,
    0.4941416373271197,
    0.5035867791228729,
    0.6434011068493097,
    0.6994285170195083,
    0.5102969145506998,
    0.8418335671240396,
    0.9806949899576498,
    0.36384684516084725,
    0.9865354263561104,
    0.7891213393362009,
    0.12977084024602445,
    0.7065988566277616,
    0.006877183288831796,
    0.9817511627912193,
    0.5114373217744059,
    0.17715350977071512,
    0.3604024051363279,
    0.5240263681700409,
    0.40919943008477205,
    0.3052660414748024,
    0.6038573648842971,
    0.6012488295076618,
    0.9711280337497818,
    0.2882189635208036,
    0.8519378645461411,
    0.21852942212567367,
    0.2840664331187462,
    0.13349520140031054,
    0.8669542150091141,
    0.4144889278296747,
    0.8932686982006293,
    0.045826107909769105,
    0.30865005810922863,
    0.8938325228184436,
    0.667169072654117,
    0.3949041272307672,
    0.3946055912417355,
    0.8714570875332704,
    0.3277786860794028,
    0.8941096818711127,
    0.033408641375270415,
    0.9527541312114464,
    0.0500653956019747,
    0.9698692188110235,
    0.7796694262551132,
    0.06347016588533572,
    0.7237959909900659,
    0.8125489478651755,
    0.6399536529717226,
    0.2928666756153851,
    0.424358652267375,
    0.08639347689743684,
    0.6156181082514418,
    0.14341886428932024,
    0.44315418823983616,
    0.6458846704474093,
    0.48799952315902284,
    0.08480047025197691,
    0.31134425119221004,
    0.9042893374517338,
    0.07797679590977258,
    0.9346368701119774,
    0.6420626917010066,
    0.6589411377551574,
    0.5802486327761325,
    0.48301696378901354,
    0.45789215350148793,
    0.9537938083305868,
    0.7776472437873588,
    0.9004027246795648,
    0.005879094982417775,
    0.49445054993402365,
    0.7583799967636764,
    0.5380887818695254,
    0.7088085357094747,
    0.051199083671124024,
    0.21971410842165986,
    0.46378386446144254,
    0.007230115173839582,
    0.9484246015886194,
    0.019957441402713296,
    0.05648665400762988,
    0.20407204950255114,
    0.7312655122649806,
    0.04025533465325969,
    0.7631463648754531,
    0.20507622263245362,
    0.25547218094500107,
    0.31341651689159616,
    0.039816639618563576
  ],
  "threshold": 0.3,
  "accuracy_at_threshold": 0.1111111111111111,
  "events_below_threshold": 29,
  "events_above_threshold": 71
}